time,open,high,low,close,Volume
1393200000,58446121.13691057,65610507.63531069,56521660.267236546,63394820.82992436,NaN
1393804800,64214022.49266115,81707331.646864,52115583.522366986,55973085.98918399,1506212.34799394
1394409600,55512877.97227536,62723770.47292736,29149864.14581784,53912619.175166935,1422923.18663669
1395014400,49391009.77549034,61007170.40202758,35584100.783582345,49671040.51741989,952158.2329250199
1395619200,42122513.13796795,52581335.89327997,32318332.39991278,36527255.9835598,757866.6896788399
1396224000,36845305.1755844,45862267.26902347,27077782.0712754,33324322.637927115,2149586.8347920603
1396828800,34215385.20224317,35262236.79951755,4267190.944456433,30002695.57097109,612367.44608366
1397433600,30080815.581606068,66043617.88256769,26870473.1467248,50370992.118625,459487.29841233994
1398038400,48665984.28094452,54772238.11689035,36395834.781284176,42268699.588222794,1546914.36545781
1398643200,40499236.276588105,50892997.219385445,36660867.170038424,43023226.70536783,1946698.85420629
1399248000,42388921.715078965,52512261.83340017,36574555.524161756,47828712.642374404,589161.8516305902
1399852800,46871601.134356365,70253792.24504663,42944654.914334,62931074.75332171,1294583.71708276
1400457600,63035898.624664895,106851896.23455752,48844005.36802576,96758605.43136275,1831677.0773957402
1401062400,98104075.0111919,105728811.73353288,54628254.76268764,89391508.21244283,4451079.42834103
1401667200,88756977.4591928,112708267.94662377,66472667.66478102,71488122.29753418,3044092.43964178
1402272000,72352358.44852638,89791543.48585239,65062178.834466,75582445.2530398,1145395.3132245499
1402876800,77272382.68483903,90032871.17385876,66158823.861824,83498429.49768892,925327.92052135
1403481600,83808443.34005708,90096147.73357336,67159579.54601721,73913372.47034098,940335.3125192599
1404086400,73450430.29573314,81512254.96625957,49953492.27523402,57137072.52523759,681662.7507518501
1404691200,57510936.45897899,71229726.22377494,53090110.48932423,59683298.206481665,780775.9479658098
1405296000,59849357.371699005,72226981.66778235,52291410.87521623,62161899.19086807,480435.21981999004
1405900800,62545649.50132778,64423695.83893471,51362971.25478421,53622225.08482437,658913.8918440499
1406505600,53991128.54879923,66529514.63784595,42643260.21467621,56158113.30906718,886068.74316699
1407110400,55144495.040176325,60156089.23137406,44481863.78969153,48515479.62824629,548710.6262023901
1407715200,48470343.77964526,139732834.74126497,30948354.6096148,51768289.5386481,585337.41492406
1408320000,52941154.4898525,107273982.35150783,38360437.25618104,91999964.50926732,919575.6329847099
1408924800,91864551.13126391,170307325.010652,69236961.49612324,90500871.99253468,1120252.97655599
1409529600,90161662.31293452,121160522.26120171,80457457.13641638,101330623.13139348,2409039.2824969906
1410134400,103130003.30459964,144411534.8827033,94116009.99151261,120449244.44422922,2351248.36400978
1410739200,121609644.81847347,131710057.56136562,96978640.76596966,105042227.02570897,2825815.2575889896
1411344000,105571323.33871998,137105119.1199412,101710247.61055599,117613319.796544,1620066.2028104397
1411948800,118077279.11872394,138236357.35348102,83741125.14661026,100658772.1913953,2971118.72646859
1412553600,99932717.8214091,115956343.85711917,86382517.35246533,98386004.43112053,1129384.0353840902
1413158400,98452242.87103577,107311628.02116959,78474366.52090034,82200443.74072818,817587.5694863
1413763200,82761514.61559904,98480490.79895897,74232343.32524028,81740418.36625189,626935.0651017901
1414368000,83154437.1784806,87033333.63573013,57961608.77210098,65919560.89299495,480202.57085247
1414972800,66287895.44928931,86538958.38851136,60595316.562806405,80474582.67938487,21073351.36152598
1415577600,80438393.9414275,95377666.71886624,66286697.714503795,74103955.389499,921521.9972978702
1416182400,73750438.4034841,85679632.59655619,56406728.38226027,80006588.6123499,562625.94703869
1416787200,80043312.91171889,96130035.59900406,70594959.16342059,83855302.85041071,549833.4457109
1417392000,84302447.29037881,89741613.70090039,74165141.16188881,81520019.55008654,1292125.62188204
1417996800,81807444.68908688,83176373.03017765,68604833.29660308,78011813.30336778,718891.92133979
1418601600,76443971.90657702,78531202.31544326,61219527.51180304,71319186.68030469,466988.3568611
1419206400,70309893.99746364,81866353.30283569,67071129.8902865,71169377.23136842,785695.8305089901
1419811200,71157602.97799335,74191167.27372265,56511089.79645165,60184329.12899616,438562.38304353
1420416000,60152160.2037426,69878344.69168085,57355382.86415421,59729417.34799925,697412.5727109099
1421020800,60503286.03608333,62812486.12208941,32015658.634140648,49243558.821295165,506778.9905507699
1421625600,49622550.627186984,63290560.34388256,46907720.33626647,60601810.12473787,373978.3980011701
1422230400,60552951.576841205,74863025.07171322,46170421.7878224,52583040.6768738,713515.61626849
1422835200,53654077.14551108,58546512.83022709,47533657.04994648,50551105.208886586,520876.3940323
1423440000,51046796.56117879,62355725.97808892,48231914.3024578,53678476.04930113,225651.09379126
1424044800,52671619.46926878,59423980.582244396,48226733.33848391,52769568.02975197,523367.99883359007
1424649600,52852793.55708083,65753332.45798435,50166966.129495576,61723102.28476598,233852.19247311
1425254400,62167483.15882971,70858270.43129072,56539550.4923308,61167341.33813325,337190.7380054
1425859200,60199935.27669275,65916283.699378,50315323.52784831,57079014.91374546,179875.64441302998
1426464000,57398518.13065406,68097341.44223408,49051529.35297073,61801769.74047255,286194.31793111
1427068800,62026201.34542554,68621300.34176019,53479520.68820272,58280758.83823556,903281.50976457
1427673600,57746327.50211915,63448394.235617,49530819.650565766,54715973.45583414,354666.0234999899
1428278400,55191594.163220845,57844038.22983279,42588718.08422422,45229110.69855755,211128.00093244002
1428883200,45333854.0244482,48016054.11396156,39397722.3764691,42538092.6428039,208567.73376843001
1429488000,43025199.457746916,50477792.57207751,40875806.346196964,43319036.48749999,114214.76232882998
1430092800,43041680.14092845,47505893.25899762,36366873.49359435,39002657.73415223,171740.63060577
1430697600,38603848.12274268,41773941.10505579,35839511.06247199,38061218.811107285,158015.19012221004
1431302400,37933976.345815904,45842165.110122494,36581300.94998156,42981441.3064362,118324.47640809
1431907200,42819973.20402505,56965311.36817851,39239715.721830055,50776679.995966986,207763.82656849004
1432512000,51039471.31344147,68003949.23332326,48900327.43265163,56228955.45597553,628621.1220654701
1433116800,55960202.646877,66866566.37905427,48791330.264362596,55771873.85803829,630130.3115198602
1433721600,56208915.02178693,60688466.7640995,53858189.642578214,56883059.35106185,279573.10013207997
1434326400,56859290.523118615,70558825.31501256,46541523.58839976,63040970.02023667,467148.40201342996
1434931200,62907439.16862854,66678117.16037107,54079321.49137839,59233719.26097636,663364.8497254999
1435536000,59035822.432520375,68405550.05797549,56082059.76720316,62976800.33409589,581506.6533410602
1436140800,62527362.76992716,81517529.12596807,57745562.093068026,70546060.68358622,331266.84530508006
1436745600,70354085.28790373,77569839.87513512,59099418.064210124,62881066.80953596,759724.965783
1437350400,62857208.11965141,70814850.54078834,60217540.98377642,68231819.24844474,267770.44911656
1437955200,68669633.25927165,73428297.3860939,61978319.974817514,66820234.511587776,268596.2703990701
1438560000,67266814.56555955,70792243.1596577,57721218.61543524,60405407.76138583,299076.72694938
1439164800,60209234.180435866,65326896.442392334,56506431.8609757,58438490.51805698,361144.27368367004
1439769600,58379573.05045015,61543370.4153011,48077576.67112974,51188546.797638044,203424.44565205
1440374400,51767852.10312543,52883396.51320479,42371441.795036286,49605052.218680516,223369.05579867002
1440979200,49316332.25191302,57136162.0838174,43854117.26169209,52278878.977937795,144634.69193611
1441584000,52384649.378163755,55274243.91311038,45857292.094549194,47759336.277285725,705812.8405154101
1442188800,47843011.599638805,54957805.418495215,45028900.695668414,51917001.485745214,215800.82777858997
1442793600,52674120.13851476,55016401.93985367,46644039.1585312,49356577.0841536,452629.69361978
1443398400,48978430.49639277,51749831.437651314,42350193.61269845,44963524.17853111,278554.79521023994
1444003200,44868706.43952174,49568856.11071132,42170050.594446294,47740502.57295005,193750.66605685002
1444608000,47748673.28724687,49757029.851762705,40193121.432939425,43399930.70284891,275444.6893809601
1445212800,43349057.41210821,46433073.81745285,39628264.581278406,41793606.93008104,423508.1571131401
1445817600,41533791.304928556,53735538.88909792,39103988.881401315,48445466.55982963,172992.10409667002
1446422400,48536793.23750713,61919325.647307515,33941109.2723166,44843775.9123505,320677.13937303005
1447027200,44466336.102750555,48571383.09438764,35129500.50688386,41332192.62986602,214528.41705513
1447632000,41540030.04715154,46329028.596793726,38450169.953837,39563730.970796615,232428.83613168998
1448236800,40139666.062347166,46378347.37025687,36586774.16423684,41312741.43753648,139456.88099515
1448841600,40599616.33920204,46504508.383271374,35968620.55132697,40778980.731118195,200425.2388328
1449446400,41070137.50677983,51782530.41630479,38938897.47306748,46941569.85765283,351103.14828582015
1450051200,46849650.824300334,50729622.40196496,42408192.80402866,44241395.80653116,379996.74133701005
1450656000,43914049.61547633,54845927.3082819,41541965.64570274,47879665.095206484,216350.13281936
1451260800,48048888.61877425,57881860.31091221,45058923.20330763,49920981.033102416,362249.66674479004
1451865600,50692228.63460617,59765028.8731535,43671362.669132344,53105072.58332941,198537.97044014995
1452470400,53058335.64036881,66497243.130066864,44957638.0294056,60865564.83049785,821166.6619390101
1453075200,61263557.07177484,80226555.67034915,51693744.66516361,62686395.65657849,1283717.7887969904
1453680000,62949040.150579564,104546493.85284011,54987942.353767045,68967523.2157661,914033.4047559398
1454284800,69361766.17937595,81144994.20058134,65448880.111489244,72696061.87439625,1484863.4943793698
1454889600,72751466.74266374,81580366.76578005,63468722.506525256,74126258.37754336,835642.15074725
1455494400,74294170.2889179,81318792.02291417,62753511.795064114,74232145.51738605,939283.69954777
1456099200,74697867.6731892,79152511.994094,66151851.93302328,69188533.08232158,811166.0880786098
1456704000,69298194.69780873,81584999.13232638,63976247.965721,72365156.9810101,500250.0743410401
1457308800,71927441.6368741,96429193.95938233,66136207.86244835,90065315.60760786,1400116.98206812
1457913600,88727728.66716829,94966522.26015979,75858227.78616643,84472932.28229085,2726494.761523049
1458518400,84526743.42021047,102567296.42798805,80183225.70283027,93641461.88062634,1099337.1240857998
1459123200,95047090.44246155,109275496.9484556,87474038.86453395,97877649.66207804,2519436.93676465
1459728000,98586447.91987258,102275195.465438,81808303.93439512,88213322.41323164,1259069.6336532298
1460332800,90121331.05577907,91906299.18192552,73555977.54560377,86619452.95919125,1014643.9509767498
1460937600,86516419.49769488,99148878.78255598,73065230.54641794,90748675.96985866,797349.1239737399
1461542400,90403335.37450957,99577466.59657097,73279880.33703849,95534328.82373033,599365.5515760798
1462147200,95544159.68889381,101961892.37772599,87106221.94934317,92273217.64313062,527743.47329057
1462752000,91959821.09155518,102990031.84105974,84759754.28508236,97792986.64546943,568918.9514379699
1463356800,99011061.13671401,118333268.36736126,92783391.88463013,109578990.24971408,490269.5981422901
1463961600,108147421.69938178,164068789.29165903,89465266.03258853,146779037.9429691,1107401.4622084997
1464566400,146692492.48158562,169043696.40653694,132230118.46026495,159163225.58675745,8444048.750896089
1465171200,156512245.33565268,187200200.85665876,137071599.24808517,158471763.6681266,3891700.3352992
1465776000,157864525.8654089,197120424.90595946,144004674.28549582,162951574.2986961,4433469.41682552
1466380800,162766697.8876794,173893726.5591733,118766355.71907273,162448897.394723,4975992.57374621
1466985600,154787595.23365074,185106056.0784438,142927404.86522126,164832311.28148293,4744302.2398573505
1467590400,165164535.46431512,221600779.70440948,146237312.82352063,196693416.88274282,2262536.4895409304
1468195200,196866829.80103916,564055083.3038415,189470559.05674404,441242064.61209327,1532128.4565639703
1468800000,440694429.2536392,568056954.5377847,357683642.656266,492513747.3685235,2458065.1398569206
1469404800,490342240.70460635,502646034.11260176,352975807.2929412,386160548.6917128,2426251.68404395
1470009600,387215762.64078796,441541640.73082304,256195184.53464344,383014658.07211655,12914277.939745752
1470614400,382768118.24874854,397079111.9254152,297156176.824688,354924134.90400755,25577603.303644408
1471219200,355866559.8002008,391087389.3271327,315728814.07848203,360518496.1098452,8534639.87684025
1471824000,361296996.67756426,377059991.12464833,260085805.477088,272643830.2802164,5702821.88531515
1472428800,272583346.75445116,341450483.5812205,247440018.90420118,276769622.4959466,5837160.305826912
1473033600,277010574.30660456,290523956.9527677,238193468.20126885,259518875.88292256,7323641.553419271
1473638400,260665228.63581073,287785653.6158752,238695779.98439795,257000604.67156318,3518023.8650817093
1474243200,257044941.81842658,289084879.70992005,226359569.71713865,267448046.26072332,2689647.1469099093
1474848000,268323831.74670953,275050369.11537623,236113319.88537478,245567183.68867737,2338046.41270525
1475452800,244910150.76218814,328699744.2477302,228201373.65560064,307587083.3862298,3576217.6273463396
1476057600,307446277.5078772,321000064.2817464,261753028.24312046,275336092.37049836,4273264.1350674
1476662400,274036821.0374301,293260907.7029955,244496634.17245,274377397.7434534,2391006.00649194
1477267200,274051294.6935127,295661152.98316747,213392815.29654646,259856535.20589635,3939793.3020011596
1477872000,257816744.18525177,306695930.4849258,215145527.39353752,283895458.44978696,9386609.833472382
1478476800,282512765.4675238,303844026.0357058,240210443.81275582,265896623.19075593,6974591.09806912
1479081600,266090836.19888636,282488444.55352944,224162116.7756418,237292034.6590606,4499404.85620416
1479686400,239315108.28205648,267990674.3435375,221328034.588874,255747013.0414668,3898829.2942683804
1480291200,252437702.6212013,267113017.13611028,218268604.9560354,244878733.20792186,3687938.56470807
1480896000,245462438.78063536,278719547.4933298,217595893.13629982,247605275.31420395,2809894.38652322
1481500800,248351506.15133268,261007832.07247302,226906211.29647285,247217220.12611976,3380619.764182059
1482105600,245429281.26739737,262533951.98248953,212030075.3953949,240404265.03252354,4296626.94325364
1482710400,245899474.5929768,301903117.15586936,228640728.77400547,278318545.82994306,6295856.751952641
1483315200,278253886.6968376,367144862.7336874,248215842.58694732,293896598.4842906,7565519.444129933
1483920000,293602023.2016381,309301425.3951456,234127259.83295786,285182785.12347245,7407472.277393652
1484524800,284536206.8073095,339656270.7616612,275048674.25804394,324872971.94590646,8322727.129118523
1485129600,322428723.1153611,343146848.5448802,294791292.5338178,327895545.28688425,5913898.280686601
1485734400,332582088.21902657,358670386.1010134,307893232.1131436,333167427.9780004,4469361.242648219
1486339200,334220374.9757154,369441929.05309904,289150588.5919711,338878475.13154995,4584888.336041229
1486944000,336696061.1545968,394885899.6909153,316804839.19904184,374301023.17729884,4652116.49193515
1487548800,374639345.6047199,435831093.6159997,325903575.6738623,412956165.48289937,12320508.082814723
1488153600,413608394.11390644,690035542.6609074,382987852.6812667,536355338.40343213,8558812.001459759
1488758400,530408394.5611065,850358162.0741469,430381354.927485,797474290.25784,17380788.34850569
1489363200,797143815.033006,1390316239.4626627,722958350.9946404,1093928683.6831577,67482512.34898381
1489968000,1088823804.0644279,1266081913.6191926,870179513.1135793,1026791719.860768,131062921.12749356
1490572800,1025786933.9668893,1158443013.0423932,780402598.3800535,861449817.8953409,43563806.07669661
1491177600,858902918.652529,1095039463.592058,672532026.2654253,941442802.96714,35919084.252132066
1491782400,933846437.6384008,1189037570.5500457,862752653.8128213,1115152447.1180391,27749662.453849316
1492387200,1228076704.94727,1336298142.1775966,1107740037.865199,1203242852.7591069,46081106.90721688
1492992000,1205902147.4697957,1868752102.7612066,1163305662.5247362,1705807359.4564557,34441075.41051784
1493596800,1707100741.6875625,2371330184.0997562,1412439740.4860005,2123173878.5675309,121737179.33543092
1494201600,2126955157.556701,2563748937.0627675,1523354705.6954248,2124209679.9234262,134527313.1290897
1494806400,2124130628.124698,4188667150.6543818,1774051648.8101718,3851473390.477412,58117955.208888724
1495411200,3829977023.015694,5618350879.843221,2500357701.919721,3735896528.7469964,322258822.6836645
1496016000,3725672681.2440906,6486123413.4263315,3427519996.995646,5919394943.519919,481574135.98119295
1496620800,5925588503.72428,8482271706.552205,5273209645.580231,7714869283.049899,813589614.1612929
1497225600,7712502329.384805,8372642654.198259,5360950393.865133,7036704162.490829,1297793415.3865905
1497830400,7038942761.546409,8393604152.477731,5909001921.788021,6377526736.909058,953635778.7315521
1498435200,6397688882.832498,6743508294.80387,4887595250.726679,5681567126.846689,334609706.1080658
1499040000,5687022550.406873,6541921430.178896,4732321171.677603,5119732252.450115,277159596.356713
1499644800,5126884302.804619,5267639001.557596,3069562041.070808,3503834142.903763,301483450.46484816
1500249600,3507981890.394268,6985631585.639018,3402827792.6817536,6080178594.009126,343892308.17582226
1500854400,6095240857.324988,6489317812.605068,4489748164.035848,4955928596.107171,537608052.4625324
1501459200,4961296046.871743,7317384482.170597,4504351074.333857,6684604906.37522,194567808.17481062
1502064000,6678498961.181318,10161925410.267988,6205281829.048767,8574548726.84686,563955503.5065036
1502668800,8566975649.50202,9924900983.511156,6676920872.765282,8761250636.760372,684140964.1872187
1503273600,8754487811.995768,11550426819.160002,7142571323.821548,10612409156.005192,762699620.7819777
1503878400,10579350880.519424,12145691620.689396,9250289275.310442,10501697771.184551,790509109.657129
1504483200,10506852269.370972,11024183411.215107,7296899473.547675,9004011095.670467,1031942548.4742519
1505088000,9012387971.939093,11347348500.617409,6095617538.330203,8657297369.869337,520280461.77639645
1505692800,8648770845.591854,10386108178.549412,7873154340.792518,8734785414.033878,434951087.40407014
1506297600,8754939172.790741,11963679702.972212,8478693470.139064,10729528731.128756,266315117.1280208
1506902400,10714547797.713272,11383963412.816555,8839840051.66261,9471834799.878176,564808998.3963588
1507507200,9477618187.612244,12928543063.307018,7975109829.51899,11040843729.459137,246088876.2810893
1508112000,11067330058.80648,12482339213.22653,9309921334.247952,10500736642.650196,317266802.2899533
1508716800,10511205816.516438,12355540727.97981,9193864591.222786,10644328706.532036,324133134.7436958
1509321600,10634425634.567385,11821170852.828812,8225916972.484358,10678430640.04921,325133190.4872529
1509926400,10679707846.929276,15756847291.696484,9850140197.982956,13021023799.822327,340085852.5572359
1510531200,13119678687.88836,17077444706.09598,11283780620.458134,15444671188.36519,1658665641.9741912
1511136000,15476664623.017607,19840573041.71133,14289873575.591648,18187365506.54805,1006370428.0683339
1511740800,18359103009.216534,24868525131.994865,15667244789.782326,21767421008.988777,1357866137.0969229
1512345600,21741392637.141712,29155484122.216366,15398919443.230114,21239864901.62628,1247469536.6314886
1512950400,21245465776.37294,42867697949.86968,19497185898.74112,37491427293.52791,1509141305.3764215
1513555200,37529284208.37678,58063330248.42416,27731761188.08596,45890067434.769196,3868250706.7479177
1514160000,45762093721.08226,56739341845.44872,35882149405.68383,49084152741.4016,4350739121.659456
1514764800,48935239290.78999,78282984089.45862,41691634170.681694,67695991416.02227,3637845503.551231
1515369600,67689269699.03816,78690904937.07614,51588300094.7312,66447694408.17132,6748096533.254074
1515974400,66297032782.17658,75089629940.35573,34302108961.274002,51779219443.874374,4461217775.15353
1516579200,51794939749.72456,59642409227.840515,42428713404.81462,56330747918.32266,4498788755.680227
1517184000,56308347575.64874,59930678320.32525,30524341590.837784,37768836727.095345,2449078933.430424
1517788800,37752548289.70292,45531364269.818184,22638436330.741356,37307302983.4354,2718946101.202634
1518393600,37371054712.81005,53440750025.69632,36416095957.60135,45322009359.07898,2039626537.5142512
1518998400,45417121678.79006,52119112961.31539,37029892215.257095,40192014126.45832,2409185889.302273
1519603200,40174878368.69654,47139134591.441956,37551517179.99847,40711655363.93204,2287813715.653688
1520208000,41239416875.80516,43365913355.46646,26454345240.91659,31959680086.160965,1712697094.3974893
1520812800,31949578853.686974,33837666169.50601,19067606934.450577,24252850833.417446,1031338402.0970634
1521417600,24300556855.578403,30851952531.579052,23046106630.71735,27060337736.74972,949816400.4285551
1522022400,27106495188.629486,28328188464.304104,19087261485.608624,22999781269.46834,1272161350.755009
1522627200,23018252035.614773,28040122021.875275,22043016677.699493,25033843948.018726,790397746.010059
1523232000,25048171837.2546,35948245912.825935,23075771887.696823,34041181178.114563,1036592582.6460382
1523836800,34017814026.114223,41797602124.49582,30937653575.943047,38896977952.05603,1556784055.6925552
1524441600,38835476531.89562,48840668946.343605,35916370985.83402,46506860316.0948,1966297583.3302479
1525046400,46513807348.96794,52293794081.187485,41078223161.333145,46239085995.381355,2972103144.1508603
1525651200,46242982677.11417,49084926896.97075,35244389887.695274,41691479635.11223,2594852818.325452
1526256000,41714065654.556625,44696612812.327576,35270326422.494446,39782003846.58134,2151040558.486099
1526860800,39768269587.60015,40664260566.83734,29611204404.474213,30696095186.629566,1849195702.3682742
1527465600,32264319220.509003,36231323532.129395,28440629589.784637,34917955705.94063,1294928996.389953
1528070400,35243833642.35746,36458985293.18132,26116349130.203682,27365751533.227512,1843595554.2943792
1528675200,27455059616.232872,29041487934.864212,22519944928.570408,25040986124.48718,1492905078.2929792
1529280000,25088397567.77425,27094809529.572083,18841643260.52619,20871723063.455025,1204578763.6901894
1529884800,20966812561.920353,24167051950.742268,18612420688.456566,22512447352.484856,1404078313.6905813
1530489600,22511326410.685432,26959015990.204,21686905255.672455,24640489474.657406,1734616528.6107311
1531094400,24624156144.43584,26129586692.05178,20337636226.819557,22636019353.26118,1515353002.612821
1531699200,22661985124.90135,28357206000.323944,22010035299.757057,23630470680.286686,1454246986.1385212
1532304000,23644647819.34108,26705710568.928223,21799854592.7907,24052857942.573265,1460161501.468421
1532908800,24032182353.83838,24699542671.98487,18751645323.465305,20329253196.396713,1702286044.9475276
1533513600,20348014052.11691,21507479903.87858,14452549394.935318,15636468344.031088,1449615151.173114
1534118400,15688901700.275982,17775676210.230206,11734631737.426107,16161685596.546263,1192553786.1060717
1534723200,16149576177.379652,16991853582.906204,13970769685.130564,16302356996.740927,1253613324.7085042
1535328000,16340135226.995674,20348531180.205914,15829097156.239544,18939009042.5491,1612888284.492155
1535932800,18900877445.64679,21125590232.30036,13311397529.869825,14153421223.050163,1457046321.357987
1536537600,14157523111.719198,15149741765.496277,12423331273.481627,14574830604.29271,1147613001.3485324
1537142400,14592178713.934244,16146633372.844002,13049956580.333164,15492715903.838192,1113693813.8064296
1537747200,15460925766.346169,16067196247.41484,13674270840.39359,15135071030.449806,1139713606.1999254
1538352000,15154548493.783562,15699936648.751493,14235232819.765566,15131502939.023058,1435119793.3829136
1538956800,15150810124.125376,15877604492.628864,12818774504.399849,13515347622.732668,1104402100.5063179
1539561600,13517821921.222784,15095261888.247126,12744984706.514225,14433826505.94108,1604294939.3828974
1540166400,14421072762.54864,15208030676.673145,13988163429.675566,14390781093.356525,1310353719.9529374
1540771200,14482476853.858456,15614576939.505896,13439492617.82048,15018035122.927374,1168187081.5028327
1541376000,15047753368.94806,15853643501.337545,13949388645.100565,14377979997.495947,1080415303.107941
1541980800,14418683765.727127,14886167564.490866,10754911970.740286,11901555580.226587,1128252162.8065937
1542585600,11905291499.980925,12468694120.415733,6561436832.990228,7790113859.491394,1688116780.1461656
1543190400,7750183975.687579,9390119225.438065,6698680957.982096,8357527095.441769,1085807438.8074217
1543795200,8390802468.790632,8705043682.390778,5700026074.929545,6780877536.562428,1256238931.391086
1544400000,6760409245.681724,7006524916.053381,5744385243.427815,6127813365.636275,1036562082.3092887
1545004800,6105700886.470161,8941199607.449715,5980444908.068301,8431199862.352216,1150812898.2965248
1545609600,8438156389.594627,9604688209.746569,7082240117.166802,7931461163.562411,1795077562.6713603
1546214400,7950140783.576669,8702038343.046371,7245350877.948386,8335405413.388002,958249978.4443538
1546819200,8278637962.170552,8755415876.64251,6918230364.829863,7112235297.497251,1189613619.8706748
1547424000,7144962693.148923,8406185732.659036,7008385066.556652,7661100333.30196,1216868358.943196
1548028800,7649150250.493884,8251664862.904818,7226063539.123513,7614686636.463471,1135568497.8234594
1548633600,7545601805.763264,7664128154.752205,6738505773.225433,7088286803.316615,2585785759.5754457
1549238400,7049473021.894575,8335021095.065426,6632129509.601608,7883468851.158823,1015297783.1395556
1549843200,7861088114.873115,8521910598.171307,7542457189.589513,8196882088.716812,1502591994.0917597
1550448000,8167739664.77441,10116728748.588142,7927169582.692567,8458078836.234117,2091916448.4741747
1551052800,8520454469.294987,9285685429.288696,8279192678.854292,8833641081.022192,2122222065.8622694
1551657600,8836670395.613695,9965727359.252613,8179736891.725004,9601317652.831537,2412366644.9802904
1552262400,9566024747.491425,10775341985.606861,8910511199.172468,10302553099.17656,2259468157.4513354
1552867200,10287837659.91732,11284436362.313759,9902007171.130922,10868189900.674215,2199793959.8539534
1553472000,10868385650.073385,11928677658.334095,10075304688.694593,11641133160.460863,2113758776.591529
1554076800,11646127611.2119,15413381500.639074,10555920172.364449,14381950737.22165,2234039332.2252135
1554681600,14406834438.979658,15214063708.181479,11905907997.638163,13239621261.572052,3631747486.87461
1555286400,13191016906.709139,13975557267.114801,12156651927.430836,13085262399.6485,2480537162.7933307
1555891200,13055569152.994589,13981101494.568083,10723751575.24036,11551760797.627045,2409797186.493763
1556496000,11537027819.84131,13852264521.56884,10896706599.06743,12703052245.700302,2227880587.2235746
1557100800,12676366608.453882,14908228797.479296,11442725508.189419,12986932817.273787,2581691936.6133327
1557705600,13007046496.656208,17611253583.08292,11723764558.030542,15725837310.945724,3922860513.4048414
1558310400,15953566506.235525,17308513477.461765,14101717865.814137,16048371998.623844,4599361611.78194
1558915200,16071082828.223068,19271798851.087597,15137675039.375326,17676191415.73463,5216856412.827737
1559520000,17717030369.49583,18438371293.227245,14686683748.304045,15990127906.599627,5130473327.52504
1560124800,16025581265.539751,19009811047.130745,15528763997.529867,17746131543.55295,4538493609.669825
1560729600,17696778633.632565,21958819451.904705,16940643194.377396,20053086712.576008,3664640693.29038
1561334400,20017632200.818455,25288203123.052685,16563788311.180967,19531969694.005764,4144231878.7797637
1561939200,19451246369.487797,21616439021.00995,17238970795.424477,20034132355.27111,5035082436.680846
1562544000,20118049753.049747,21984024128.060455,15229762731.506521,15807057866.400555,3616292631.5308475
1563148800,15736992575.624178,17358954563.502197,13148123348.040556,15889328561.67568,4173118174.685809
1563753600,15983766304.713003,16743849389.346008,14140852749.074198,15063264604.520529,2876413347.7467227
1564358400,15672897978.828363,17225440227.34955,15054756227.368801,16121242300.015924,2592408011.5243325
1564963200,16091993536.197563,17631085555.026146,13036192706.49345,14298968258.54238,3100834084.209578
1565568000,14351440136.803446,14691467614.18785,11956621201.09551,13494227499.643217,2339589257.965115
1566172800,13515128611.890665,14385091539.258734,12254396544.263697,13243352191.553274,2769435551.694379
1566777600,13264862831.071651,14100206212.414013,12124751712.575539,12948157447.788115,3478071548.8306613
1567382400,12917932519.807161,13994147023.48458,12158875813.586107,13228433560.25777,3310560097.8855095
1567987200,13269608500.376875,13815903774.719532,12353335184.449385,13252291658.867523,3455031755.3847456
1568592000,13323280509.118317,14968627333.528585,12677096466.852335,13524625244.338072,3300915903.5690184
1569196800,13472365919.061611,13871420468.9805,10228454815.493967,11218036382.76942,3051151211.3828235
1569801600,11221101053.323307,12223792930.950796,10625262785.145695,11500444393.7273,3357148700.4022627
1570406400,11562722760.69132,13566151939.498997,11245623971.276333,12381903042.478024,3268691065.3725
1571011200,12384183633.080938,13000355913.569242,11502935025.522863,12209301963.449926,3156163398.9951444
1571616000,12179515212.21759,15012306018.944368,10782436127.210207,13478710251.827785,3255652320.0458922
1572220800,13504001556.328812,14918089661.200146,12597889963.200508,13623935104.802847,5923177213.839332
1572825600,13657859674.030174,14785611215.868685,13100578470.220688,14201896480.686258,4429996690.603219
1573430400,14196742193.78909,14968403064.15491,13410338455.15115,14138433024.431484,4237410947.478734
1574035200,14380717238.93791,14868480752.492603,10869912615.741774,11385953880.312416,4471489205.266919
1574640000,11390664964.239773,13220459651.090933,10477236731.44984,12213652289.524488,4767156786.560262
1575244800,12295721760.824556,13292929647.165894,11432024186.381786,12592548817.380718,3437793981.4362073
1575849600,12576545883.416496,13074283036.54826,11452427679.130108,12084725683.550955,3607714552.39705
1576454400,12088357309.986996,12702805289.552101,10407557909.028938,12195909684.545675,3784528042.004678
1577059200,12233855274.603596,12669749241.220272,11324334164.895466,11991983007.562885,3993021302.3031936
1577664000,12016280772.931221,12581602131.945713,11090546235.198933,12185165651.551262,3638652837.0374193
1578268800,12168513170.351131,13700783056.372904,11924768517.736412,13260207390.389654,4259156551.640009
1578873600,13207609811.174417,21028962239.304344,12654707912.929998,15769596092.75903,4532818181.430014
1579478400,15852042762.191616,16868158837.090982,14543703447.756178,15992321078.417894,7271563748.3023615
1580083200,15936534287.44539,18547386136.194958,15515225530.207237,17843843089.69136,8256137345.425296
1580688000,17615553359.71513,22679333379.652374,16875167500.435781,20287585143.608845,7981465200.267685
1581292800,21335365217.944004,23686852922.174854,18776664005.366962,20496086481.98233,11334914126.813429
1581897600,20503761600.186443,22290559419.090485,17489946403.54679,20865023712.964443,11841872808.061684
1582502400,20853829245.524563,21331632629.782238,14755237685.281723,15523644420.410639,9335187847.747257
1583107200,15488054864.630754,17743818256.715355,14113873429.562538,14565850735.190214,8978445622.025389
1583712000,14588168369.933157,16087817797.053663,6728017215.521021,10643565821.61281,8229353973.364578
1584316800,10756692042.939003,13746767536.948374,8555449314.193391,10410344397.427847,7040493210.683774
1584921600,10418226203.619255,12919980208.740437,9883779723.799337,10955511535.102592,7752519397.405396
1585526400,10929736264.946972,13419424657.176302,10631304363.998634,12485566984.656672,7004224959.300451
1586131200,12497387063.324352,14667095371.709736,12269017634.721859,13192799932.056536,8301472930.585814
1586736000,13266055321.612759,16149647045.087175,12289197483.01897,14749888730.445194,7084993441.128577
1587340800,14698421979.7092,17630909039.703545,13757468443.829607,17093090214.681574,9244627733.545048
1587945600,17246906587.713394,20368465048.45061,16280679303.660622,18038643028.56528,9472945596.304876
1588550400,18061623438.71157,20284762273.646202,16135001253.420212,17744377388.6556,10399253153.494043
1589155200,18419575357.75335,20936104026.768314,16758926522.611166,19471717595.498753,9732417997.033787
1589760000,19541153428.889633,20724061921.907368,17429019855.466415,18565181821.51058,7255335320.68968
1590364800,18533784754.682827,21816118248.00068,18136997696.704838,20263793561.2988,7039735216.906886
1590969600,20743900000,23476000000,19745900000,22353500000,8082750000
1591574400,22195400000,23852000000,20336300000,21392600000,4767000000
1592179200,22018800000,23231500000,20314900000,22081900000,5813260000
1592784000,22258700000,24205400000,20594900000,21915600000,5228160000
1593388800,21965400000,23768500000,21377000000,22968800000,4249080000
1593993600,22997600000,30486900000,22595900000,26204300000,5401710000
1594598400,26382600000,28279700000,25004200000,27319300000,6665290000
1595203200,27293800000,29731200000,25559400000,27793200000,4449140000
1595808000,27744300000,31920300000,24474600000,28561300000,7181420000
1596412800,28564500000,34748800000,27703900000,33148700000,7174900000
1597017600,33158500000,39435300000,30416100000,37941400000,7140780000
1597622400,37921600000,41186100000,33160900000,36868800000,7140780000
1598227200,36928600000,40252800000,33354400000,38412100000,7140780000
1598832000,38394000000,40201000000,27933100000,32012600000,8495540000
1599436800,32040600000,35899800000,29267500000,33294800000,8848850000
1600041600,33477300000,35432300000,30736800000,32572500000,15700700000
1600646400,32766100000,34122700000,28426300000,33128000000,9985420000
1601251200,34055730179.583523,35930303549.51277,31092139909.12106,32933231547.444706,7155076484.698093
1601856000,32959221111.43172,35102010489.56708,29532702449.182976,33619661306.154984,7275771464.892034
1602460800,36477485430.99616,44659347397.11418,34963867197.18254,36641809966.18289,10002790781.127672
1603065600,36642299441.65663,40101355747.97045,31045455682.435173,37864999388.87799,9250693560.29083
1603670400,37947479113.35081,44524927402.11676,33584220352.69909,37904668371.91571,10881764336.429508
1604275200,37909557728.61306,40553828457.44832,32263042053.304855,37069596447.723976,6969326064.209328
1604880000,37090073431.94375,42557243165.4926,34852570805.15755,38655800265.02939,6891600465.536891
1605484800,38510956136.75305,42638927762.71012,35205907456.59352,40057002752.54853,7496347963.000192
1606089600,40781099237.43924,48810478137.53037,36391263991.08752,42703023853.447365,12371921086.785414
1606694400,42785516959.86782,47085014677.01659,39915630783.68285,44308279440.7239,10545431452.56885
1607299200,44254547098.34911,46259424992.857704,39559150530.33589,43667931981.44691,6958630160.605085
1607904000,43890263525.98168,51289670477.78945,41764358321.782394,46795369186.49922,6012852765.063842
1608508800,46655091639.72451,49682974935.183846,36631020196.218765,43632471624.842896,11385730581.680023
1609113600,43731229155.16124,57071465731.77777,42026744769.884964,52086435998.29697,10643318860.213118
1609718400,56645610924.9066,76323169864.12982,47737114976.19659,67961711369.45803,23300688005.88807
1610323200,67853637554.66103,77824502410.55496,51811474099.35891,72618352675.43915,35099183080.57826
1610928000,72723373549.9713,81230867433.59341,60417072641.45784,76903890802.18787,21926372054.965923
1611532800,76922772861.88982,104915480637.13293,68072514121.100494,85664169351.35,23067525186.425655
1612137600,85440771519.24214,121092443144.15517,79537030875.57452,102709746426.99792,27704142277.115265
1612742400,102793056701.88214,168649766155.72144,92253171745.91786,150752220724.9797,32375913882.665504
1613347200,150914157158.57507,194998550978.03506,127596533821.09872,172968921032.6378,54236764278.1788
1613952000,173455684069.06445,189149364072.84076,124133273757.7038,145263753693.2568,53473830589.05971
1614556800,145611528955.12747,184081249543.66232,141172353120.1021,164137106595.18002,27423019057.470654
1615161600,164372296509.68817,212650181763.76422,155151421632.7901,193684367642.10196,30776697262.5073
1615766400,193949435906.117,228799320263.20328,176018718307.2297,212949463478.54385,40393271119.23657
1616371200,203264532593.3611,218804208762.6798,172159953714.5669,207601656132.6413,27537887313.07404
1616976000,207040807250.51294,256514746752.63483,198158975625.73566,245783447686.56985,29792552674.344635
1617580800,253974651356.2794,283926476031.7232,217468511963.77448,270728873516.2588,48969763568.31306
1618185600,270825890458.44662,329102377864.7923,231091221426.2032,289458891228.2384,36388331961.90883
1618790400,288840149744.7963,310812289316.7827,212585499600.90805,250010371361.84903,55665697869.91035
1619395200,249654123211.7285,326960969534.6739,240639603424.08728,310965812745.7198,37598416050.71678
1620000000,310892373281.5408,378673642478.8652,268424728341.87384,331896585691.6122,39661653839.71929
1620604800,325024912329.1284,425574148712.8574,277821017724.5196,326053385834.6023,71947632100.23381
1621209600,345602712543.6685,378543618520.7863,145571206075.48334,182850373093.0302,56889029669.98138
1621814400,174306014231.84988,257327595383.5546,165540715663.55847,206828563011.1949,55437840748.45883
1622419200,206932721448.7881,252214333628.919,192681342950.45633,223839580585.21985,26144566520.18344
1623024000,240736794456.38403,256207624750.61252,179316363864.93445,209740647766.36835,20782273222.76097
1623628800,209940183759.4101,229209394307.761,176723045405.60947,194772082095.68317,18111449746.05306
1624233600,194570883824.84036,198746972373.73245,129908952626.17278,165923345113.35934,21563477336.546
1624838400,166152427590.1871,193459825645.91275,159857049687.17334,184132055484.14145,14995714871.704866
1625443200,184017836428.34,197053425016.6209,164642464797.16544,177800230203.73935,15497434812.148565
1626048000,177924321905.26407,183777416961.44952,147872303513.23163,153691900921.84427,12911355150.196571
1626652800,153405659113.53195,179104512588.64655,131345906020.1182,171750588503.97217,12773385299.390308
1627257600,170357478808.9716,214015430059.00153,158927326206.01358,192269625288.531,30765150274.594475
1627862400,192263039326.91525,232338438025.4972,182768691335.9677,207883044845.63525,18614962450.02846
1628467200,207141938900.41373,268572781889.3644,197651273450.98373,262099842818.67676,10957997731.45296
1629072000,264430345281.0599,300424167541.9416,237996784932.8061,284477746959.8507,31862125339.13968
1629676800,285232322596.804,306434500719.6155,255742568044.226,286292303176.4765,33122323622.75934
1630281600,271908234508.791,323678302029.4619,253304215944.97137,310136027471.7873,11092050841.205751
1630886400,309813738738.6726,349321411673.0328,234254676710.83163,316270674402.9122,11190938270.686026
1631491200,316335822215.7509,342894568521.6247,270048474633.6447,308439294300.2602,40170537756.13874
1632096000,308533334833.5716,312521369464.3654,237243137999.21112,278588438159.8537,40925048591.6539
1632700800,278534560892.8842,317600153822.8158,254693096170.75708,282659717440.758,27034947961.97001
1633305600,282159126280.0496,370071461153.2068,262373806201.32928,335505025106.7396,11026964253.34413
1633910400,300578005815.1985,381926205821.8093,283291346649.8,348893163307.632,10996440667.451319
1634515200,349001281816.0548,391225447937.8263,327899001259.4842,369976817197.6308,22747678551.059387
1635120000,369191943372.9679,437049837936.05,354297416768.4253,409245731102.1861,30880464746.42569
1635724800,409849237662.9149,464100916957.0974,389206999254.512,442739365476.7952,50948508553.32222
1636329600,442601804315.8823,492522399520.7753,398775469745.5573,446845742389.9495,36322663697.64408
1636934400,446854086117.5971,468656558293.7651,367952921379.0545,422397454560.511,28992342300.8344
1637539200,422150138202.5043,463118396215.0393,373379079709.9837,416675139918.7019,36981147153.05342
1638144000,416516564752,465284788022,291021820115,356027829256,35196846399.05347
1638748800,359547079244,403696025343,324749101516,362917026602,41351985229.59072
1639353600,363455488995,377652491446,315021144246,351399964894,23821869154.832085
1639958400,350798501769,435104379198,329036812933,422466352575,20864803278.442364
1640563200,423369705284,453960354173,363890262546,397214216490,24992907515.403385
1641168000,396975422707,417309961453,327212084574,349002223989,31878640261.29276
1641772800,349375488672,414913907477,320881700490,400461279725,28272118218.504906
1642377600,400691959762,404640336579,258295847039,297827367403,22311748482.619125
1642982400,297905973554,302152052869,255464840853,280301249683,34818073781.39955
1643587200,279818141883,325031519319,268005229425,321143702430,18139347105.78858
1644192000,319326553336,360692550534,297266174596,302009553870,30857944461.082157
1644796800,303426427391,333876303168,275562250476,280952750925,17243112262.332016
1645401600,281052135178,294160626284,233969407592,266534298149,23955726706.040844
1646006400,266491496012,307955310821,260897767494,267137665273,23929544870.37105
1646611200,266165364851,287328052974,255214255587,259796447260,22527516298.606426
1647216000,261475438087,302402767882,257897590388,288422594852,23762276476.315334
1647820800,288405597969,342491081368,283070955535,339809592872,16684583032.326843
1648425600,339749396576,364445977491,324358497317,355315499678,29777158542.738026
1649030400,355233306700,366394599435,310275559966,313167879800,32308758198.862785
1649635200,312576159672,316522059204,285723786327,295115788729,28941326741.858013
1650240000,294439862381,317644623006,282758338752,290778395646,28700117914.411377
1650844800,290034777781,300831371077,241567242213,256245051737,29212097415.849808
1651449600,256283881411,275222236406,230516612442,235109130071,29212097415.849808
1652054400,234843020625,240738689558,127715951666,163758950755,29212097415.849808
1652659200,163253737562,165070584909,141251415353,154853985451,26156008919.421062
1653264000,154714355649,163112126631,132237387573,142638862713,13411550471.312275
1653868800,143609531331,159955436118,137359293861,142646958423,13411550471.312275
1654473600,143099023873,152717423738,114878970496,117324718167,13411550471.312275
1655078400,116394618112,118947574124,90688677032,105929157161,11263330634.734592
1655683200,105956023129,130710977637,101774221602,120691850016,9893103355.206251
1656288000,120781988922,127686278344,104720956744,110195995859,11251986872.579506
1656892800,110229384322,124772505151,107596855136,118449921032,11430107706.476505
1657497600,118206589105,127017774384,105562978871,121227229858,6216139929.273178
1658102400,121294083574,142071394466,120674390604,134078461767,7763274291.833863
1658707200,133351070379,152436511920,119084987274,143406898069,13189751717.775492
1659312000,143166130572,155203022706,135002552233,150081095394,14137106692.300304
1659916800,151637703045,164826543387,145120653513,156949906429,13557296543.264872
1660521600,156058842373,161844518831,125832738731,133768221321,14186864414.670841
1661126400,134431381280,141424952193,122900035437,124116018356,14037146373.463634
1661731200,124056594720,134495834184,121793491451,130684730365,13193157849.750904
1662336000,130478336104,135485088489,115407854324,131712656476,12820542347.324776
1662940800,131270123586,137135803261,111311835573,114214619109,13208874659.405336
1663545600,112114969463,118106699756,105621203724,111650648278,13783198551.619034
1664150400,114036445931,121878614421,110422238365,112132546533,9578106872.603695
1664755200,111734201748,118779291579,109548273244,114776752541,6307969921.231009
1665360000,115968432096,117419814363,101542284450,110000905198,6147133057.214948
1665964800,110447319418,115331427264,103467953099,110630218648,5336325134.387623
1666569600,110750313145,123729690650,107305162514,118852831847,5229080746.515376
1667174400,119022882743,129937748451,113661869676,119250354139,10230254027.934847
1667779200,119014746422,123490697975,83328999311,87865653722,10603398167.995115
1668384000,85922948475,93084667680,81122795019,83637605583,9626161210.666882
1668988800,84270102468,90642379418,78262291926,86983847016,6342543951.497006
1669593600,87152587297,91774305242,82302299136,88772828500,5274460732.321156
1670198400,88987975369,92229195934,84137211742,86747981074,5273871863.393777
1670803200,86460628856,89267462405,73560462835,76182213487,3752669259.468093
1671408000,76233561498,77982436487,71612514760,74102399727,3393819206.0455685
1672012800,73888417600,77536377008,69658358738,76028821394,2262836065.485017
1672617600,76799913765,87572136555,74785570457,85575990164,3341921196.543556
1673222400,86219956519,101596963851,85048705031,98223377441,9567140351.517418
1673827200,97961977209,108527432980,91460648210,103761950841,11470017664.194077
1674432000,104279057042,114464281622,98821403283,112705301017,13458756083.108284
1675036800,113155928724,124529844929,104083306812,116704404597,10400660420.207584
1675641600,115171181546,126458679827,107062439837,110758418061,10570733736.603178
1676246400,110512079589,134696718556,104753088020,127602829438,10320146859.997911
1676851200,126033552606,132920730034,113717744823,120341690358,16772515554.277702
1677456000,120475555178,123030522030,105755403579,109208029665,6921970553.888347
1678060800,108615856082,111650887501,91396079884,107809378021,5713319161.488354
1678665600,107654730293,123022675455,103301984138,117718330330,13207623102.474283
1679270400,117592589037,120537759341,106255615373,110141430538,12536495186.306953
1679875200,109838151789,115083882959,103568456332,111024932276,5099011661.453674
1680480000,110560369517,116825800963,107046508172,111484474691,7000281424.999069
1681084800,111487392578,124294242990,109358126894,122378306848,4562110424.852955
1681689600,122018291984,126124756936,105920530598,108230727413,9464231084.531397
1682294400,107166778202,113369151675,102666201200,108372014450,6234526401.951686
1682899200,108593223589,109614506318,102558993682,104081636395,6160174178.372298
1683504000,103378114468,104457953435,94297282053,97659800212,6115581168.10839
1684108800,97891986443,108189115302,96725749593,102785575007,5000800574.29237
1684713600,102897151481,105443670876,96288797552,102899876605,4630948413.266099
1685318400,103635412556,105712329446,98969068152,102565309695,6602971909.352813
1685923200,103181349078,104403377389,77377848022,84163216720,6588130906.849398
1686528000,84990575588,88849331503,81582890583,87177040230,5266290262.197935
1687132800,87173235031,107943215746,86208845727,104024902702,4014990743.2853975
1687737600,103808341021,108367681255,96315971741,105776706312,7446993879.836443
1688342400,106077124709,110635508167,99613112916,102273591546,7680956609.924324
1688947200,102279204276,115869126966,99528109271,113185310836,5355072844.879819
1689552000,113056583833,118566305532,110394957556,115101187432,7305124649.497051
1690156800,114618815310,116242884055,108388808743,113011452104,7001956485.384051
1690761600,113425824037,115581209422,106123874940,108742129054,7139140180.428454
1691366400,108793688513,111209711424,106758979049,109747246647,5750165039.84079
1691971200,109724844985,117041721708,101297598771,112313975159,6681257485.56373
1692576000,114541860587,119059802242,108215787982,117895389355,6921298696.687989
1693180800,117883054382,124858214334,114327966136,116363793242,5636858300.295019
1693785600,116345670356,118782432715,111849793501,113783411534,5855726525.140387
1694390400,113792790996,120699639182,108551584707,116089384368,4904753438.423626
1694995200,116038325353,121755225722,114908441450,116442218852,4941228608.688558
1695600000,116398247737,124812349807,115247235290,123740727898,4640506274.823585
1696204800,123763589107,125497738760,116441227264,119412939634,6618075801.671031
1696809600,119441743772,120124527410,111744322329,115496339494,4470065725.687701
1697414400,115514246667,125184437308,112525687412,124092476834,5547895794.375881
1698019200,124120327284,136659572683,122601591091,134809163268,8481293421.487029
1698624000,135215495374,148075163035,131897127202,144935104669,9603094841.92926
1699228800,145005155792,170085027593,142957592255,165991128208,11203965870.799618
1699833600,167197852834,176751296805,152332691363,167959108089,16212126330.909304
1700438400,168119698168,172503295799,152532348321,168072631706,11390844986.779799
1701043200,168096688686,174092751249,157461549495,169757965084,15213084241.891768
1701648000,169788576763,197121929484,164551561249,193043479941,21354405211.897034
1702252800,192423492632,204731265729,170225399932,189714112230,22036528714.361683
1702857600,190673469493,221799639160,177763974929,211601001057,18099506002.414867
1703462400,211557451596,229399776418,201609092897,213426163642,19173387277.225727
1704067200,213357105680,232904820928,180909409206,191717057314,16421734118.338282
1704672000,191799237910,227322624450,179900773498,204439449470,18837277366.465065
1705276800,204643844514,215821782835,188054204587,197774910851,15514358512.376684
1705881600,197555678053,203164498573,174242713328,196121430449,11895394791.023085
1706486400,196709071161,207176745234,188714711505,196261663243,10113128476.557148
1707091200,196795491210,219441859029,192751605593,213250305105,11181976282.397045
1707696000,213399393436,239228423845,208733689117,235652090048,13075920166.884552
1708300800,236134949973,246660211857,220601634581,240574299500,19093376800.891415
1708905600,243890088797,310115776457,236440772553,296401353344,17349629219.87427
1709510400,296054473131,346886886160,252139040484,330390406276,42676983270.27288
1710115200,330678042938,367146740366,291241942099,324899542860,51325329022.13824
1710720000,326074985125,336665761211,279353633450,328902725680,39008385786.41062
1711324800,328871470262,358633985810,323584543663,350648504427,24107558078.97504
1711929600,350200593635,356956679043,300025191859,326031232854,21846914600.91402
1712534400,326222759978,346999141786,220598123309,273498793629,22334446098.03078
1713139200,273655725006,289538774258,241941949006,279194926127,33372027482.92059
1713744000,279267149685,298243210259,256710018143,266945665928,19959580087.63853
1714348800,266968132370,281838156777,233121032384,277084590308,16758198367.379627
1714953600,277171471749,289242877934,257663449362,263967675628,19820658842.17429
1715558400,264035985689,285127895278,252915912327,269703998658,17562335189.6521
1716163200,270974286232,305282588809,266937055310,289037184274,16715364058.83993
1716768000,289114862569,304301786329,272557182471,278690179168,22115190812.475956
1717372800,278717624509,300438341507,252956463043,269294160174,24985274429.342384
1717977600,269503680115,273545542039,238775263972,252939034205,17254879720.133545
1718582400,252951059110,254866734922,209989777616,222768967386,15137407439.344744
1719187200,222629000434,238718170244,210234631115,232977626854,16149350989.76389
1719792000,233096982679,240008051311,180054627553,200538906706,10461446333.981768
1720396800,200587173515,227400307361,192469720340,224856773497,19231238933.297108
1721001600,225051441812,250966131721,223638950539,248187279853,12716097482.093794
1721606400,248426048986,251394180928,214632673580,228492100860,17486480581.761536
1722211200,228515122340,239085428367,179439285633,185014132791,11441206665.29887
1722816000,185174733256,200584573679,150487826414,184943955299,40177045962.56539
1723420800,185165193181,200940591576,182143031014,188696756921,13808060647.062946
1724025600,188812061643,226980526593,185274267786,214597107052,9847553894.135668
1724630400,214714852140,217521296570,180813314949,182496641463,12464411009.43472
1725235200,182581600029,192845784951,169204790264,182509982351,10973513829.421843
1725840000,182519563251,203320099801,180880706597,193130720322,9522649443.858107
1726444800,193334185891,217229589526,186797180494,210635573465,12623569070.189495
1727049600,210675850218,242424285034,206242021412,233059958229,16049141572.235853
1727654400,233364092124,236481937323,197922445848,217846397248,17757945530.61654
1728259200,217987423524,227051514766,201663280400,220091204531,16913539145.34224
1728864000,220187866022,236199900508,215491358045,232634321895,17381321069.393814
1729468800,232838915902,236811373407,198425865462,212479412649,17380840551.01635
1730073600,212474923399,226309114052,191599759070,198861081206,12938953744.068142
1730678400,198830316632,269616481201,189402381676,256771673259,15085528735.827637
1731283200,256854587583,300623293718,243713946752,279508069484,66081034378.07838
1731888000,280138201663,358276521777,270731644069,337822276169,42286552688.4288
1732492800,337959282958,384491802653,302219684797,372282055051,69239741571.83382
1733097600,372600514083,451279063245,347961962834,435988531333,72498889001.4762
1733702400,436072888230,440195061821,331962811068,406455975468,52280848533.18594
1734307200,406654630441,419190591352,288607496139,325996353784,40833980809.95249
1734912000,325902119900,375344172344,316244534061,337511803316,34820255673.92833
1735516800,337530585236,389390409380,325376100781,378441533529,23061401309.453144
1736121600,378403623790,394503684493,320300355740,333599499404,25663301658.808273
1736726400,332368254036,385269595779,301238102030,334036274806,25280388156.79187
1737331200,334519965032,368624531445,321941573233,333038882105,66752293098.34358
1737936000,333020732393,350145424518,265979408947,279983663233,36917269234.94319
1738540800,279799476075,299092398700,217999235800,261531202219,69879154538.81708
1739145600,261597903800,289637000739,254162171693,270811470804,20920816623.951607
1739750400,271017305279,284574994293,251372556477,269136814674,15963628242.526487
1740355200,269164444704,272846505929,222580764301,266633046668,20873490378.37346
1740960000,266866070303,271815165466,216514885440,220200086135,42487687556.3151
1741564800,220290024418,235873967972,199379837394,224415550335,23732354842.75852
1742169600,224326373408,241009809937,219874899587,233867936127,16635785134.400898
1742774400,233830052145,252993035182,215871794367,219777129290,18798073312.033424
1743379200,219652338024,230295719494,187049796737,191037250175,16823603066.735165
1743984000,190891955886,223207813001,175893878286,206417552540,33264794516.92001
1744588800,206363196019,215371036629,195467339975,209528365405,17105772648.188574
1745193600,209753384540,247881745465,206657960818,234845289272,15340668656.790092
1745798400,234794505670,247871909216,223355540600,226316871339,20796608651.800697
1746403200,226348274686,290441913359,217043330873,276421652062,13434483471.016205
1747008000,276477113514,297203899801,250167979934,264669912135,53926515308.32247
1747612800,264443048553,290632765286,246884750497,268034202384,39794824167.30142
1748217600,268456722460,276356936464,232508497269,246921220440,38545254256.54295
1748822400,247609751147,258131820460,228307593886,244666305652,40851654561.18599
1749427200,244692595568,270763575801,228404791371,240014809457,43687372077.6654
1750032000,240326039874,251756026120,202145123742,212811735479,41757122659.55502
1750636800,212766352915,240783694005,208726265165,238053788177,43989990705.52795
1751241600,237983988636,243695440970,221954774509,229784647561,35004500236.80448